argument,result
1.0,-5.19
1.2,-3.92
1.4,-3.36
1.5999999999999999,-2.94
1.7999999999999998,-2.51
1.9999999999999998,-1.84
